"<soapenv:Envelope xmlns:soapenv='http://schemas.xmlsoap.org/soap/envelope/' xmlns:ser='http://service.software.com/'>"+
   "<soapenv:Header/>"+
   "<soapenv:Body>"+
      "<ser:getSoftwareById>"+
         "<cs>"+
            "<id_s>"+id+"</id_s>"+
         "</cs>"+
      "</ser:getSoftwareById>"+
   "</soapenv:Body>"+
"</soapenv:Envelope>"

<soapenv:Envelope xmlns:soapenv='http://schemas.xmlsoap.org/soap/envelope/' xmlns:ser='http://service.software.com/'>
   <soapenv:Header/>
   <soapenv:Body>
      <ser:addChange>
         <cs>
            <cambio>dalok</cambio>
            <comment>gas</comment>
            <fecha>11/2525/25</fecha>
            <id>
               <id_s>2</id_s>
            </id>
         </cs>
      </ser:addChange>
   </soapenv:Body>
</soapenv:Envelope>